roi_file,roi_type,source_atlas,voxel_count,volume_mm3,relative_path
Tian_01_Tian_Unknown_1.nii.gz,Subcortical,Tian_S4,85,680,individual_rois/limbic/Tian_01_Tian_Unknown_1.nii.gz
Tian_02_Tian_Unknown_2.nii.gz,Subcortical,Tian_S4,45,360,individual_rois/limbic/Tian_02_Tian_Unknown_2.nii.gz
Tian_03_Tian_Unknown_3.nii.gz,Subcortical,Tian_S4,199,1592,individual_rois/limbic/Tian_03_Tian_Unknown_3.nii.gz
Tian_04_Tian_Unknown_4.nii.gz,Subcortical,Tian_S4,139,1112,individual_rois/limbic/Tian_04_Tian_Unknown_4.nii.gz
Tian_05_Tian_Unknown_5.nii.gz,Subcortical,Tian_S4,216,1728,individual_rois/limbic/Tian_05_Tian_Unknown_5.nii.gz
Tian_06_Tian_Unknown_6.nii.gz,Subcortical,Tian_S4,198,1584,individual_rois/limbic/Tian_06_Tian_Unknown_6.nii.gz
Tian_07_Tian_Unknown_7.nii.gz,Subcortical,Tian_S4,106,848,individual_rois/limbic/Tian_07_Tian_Unknown_7.nii.gz
Tian_08_Tian_Unknown_8.nii.gz,Subcortical,Tian_S4,88,704,individual_rois/limbic/Tian_08_Tian_Unknown_8.nii.gz
Tian_09_Tian_Unknown_9.nii.gz,Subcortical,Tian_S4,98,784,individual_rois/limbic/Tian_09_Tian_Unknown_9.nii.gz
Tian_10_Tian_Unknown_10.nii.gz,Subcortical,Tian_S4,226,1808,individual_rois/limbic/Tian_10_Tian_Unknown_10.nii.gz
Tian_11_Tian_Unknown_11.nii.gz,Subcortical,Tian_S4,172,1376,individual_rois/limbic/Tian_11_Tian_Unknown_11.nii.gz
Tian_12_Tian_Unknown_12.nii.gz,Subcortical,Tian_S4,132,1056,individual_rois/limbic/Tian_12_Tian_Unknown_12.nii.gz
Tian_13_Tian_Unknown_13.nii.gz,Subcortical,Tian_S4,206,1648,individual_rois/limbic/Tian_13_Tian_Unknown_13.nii.gz
Tian_14_Tian_Unknown_14.nii.gz,Subcortical,Tian_S4,207,1656,individual_rois/limbic/Tian_14_Tian_Unknown_14.nii.gz
Tian_15_Tian_Unknown_15.nii.gz,Subcortical,Tian_S4,245,1960,individual_rois/limbic/Tian_15_Tian_Unknown_15.nii.gz
Tian_16_Tian_Unknown_16.nii.gz,Subcortical,Tian_S4,240,1920,individual_rois/limbic/Tian_16_Tian_Unknown_16.nii.gz
Tian_17_Tian_Unknown_17.nii.gz,Subcortical,Tian_S4,121,968,individual_rois/limbic/Tian_17_Tian_Unknown_17.nii.gz
Tian_18_Tian_Unknown_18.nii.gz,Subcortical,Tian_S4,165,1320,individual_rois/limbic/Tian_18_Tian_Unknown_18.nii.gz
Tian_19_Tian_Unknown_19.nii.gz,Subcortical,Tian_S4,107,856,individual_rois/limbic/Tian_19_Tian_Unknown_19.nii.gz
Tian_20_Tian_Unknown_20.nii.gz,Subcortical,Tian_S4,42,336,individual_rois/limbic/Tian_20_Tian_Unknown_20.nii.gz
Tian_21_Tian_Unknown_21.nii.gz,Subcortical,Tian_S4,160,1280,individual_rois/limbic/Tian_21_Tian_Unknown_21.nii.gz
Tian_22_Tian_Unknown_22.nii.gz,Subcortical,Tian_S4,190,1520,individual_rois/limbic/Tian_22_Tian_Unknown_22.nii.gz
Tian_23_Tian_Unknown_23.nii.gz,Subcortical,Tian_S4,201,1608,individual_rois/limbic/Tian_23_Tian_Unknown_23.nii.gz
Tian_24_Tian_Unknown_24.nii.gz,Subcortical,Tian_S4,116,928,individual_rois/limbic/Tian_24_Tian_Unknown_24.nii.gz
Tian_25_Tian_Unknown_25.nii.gz,Subcortical,Tian_S4,90,720,individual_rois/limbic/Tian_25_Tian_Unknown_25.nii.gz
Tian_26_Tian_Unknown_26.nii.gz,Subcortical,Tian_S4,90,720,individual_rois/limbic/Tian_26_Tian_Unknown_26.nii.gz
Tian_27_Tian_Unknown_27.nii.gz,Subcortical,Tian_S4,108,864,individual_rois/limbic/Tian_27_Tian_Unknown_27.nii.gz
Tian_28_Tian_Unknown_28.nii.gz,Subcortical,Tian_S4,85,680,individual_rois/limbic/Tian_28_Tian_Unknown_28.nii.gz
Tian_29_Tian_Unknown_29.nii.gz,Subcortical,Tian_S4,45,360,individual_rois/limbic/Tian_29_Tian_Unknown_29.nii.gz
Tian_30_Tian_Unknown_30.nii.gz,Subcortical,Tian_S4,199,1592,individual_rois/limbic/Tian_30_Tian_Unknown_30.nii.gz
Tian_31_Tian_Unknown_31.nii.gz,Subcortical,Tian_S4,139,1112,individual_rois/limbic/Tian_31_Tian_Unknown_31.nii.gz
Tian_32_Tian_Unknown_32.nii.gz,Subcortical,Tian_S4,216,1728,individual_rois/limbic/Tian_32_Tian_Unknown_32.nii.gz
Tian_33_Tian_Unknown_33.nii.gz,Subcortical,Tian_S4,198,1584,individual_rois/limbic/Tian_33_Tian_Unknown_33.nii.gz
Tian_34_Tian_Unknown_34.nii.gz,Subcortical,Tian_S4,106,848,individual_rois/limbic/Tian_34_Tian_Unknown_34.nii.gz
Tian_35_Tian_Unknown_35.nii.gz,Subcortical,Tian_S4,88,704,individual_rois/limbic/Tian_35_Tian_Unknown_35.nii.gz
Tian_36_Tian_Unknown_36.nii.gz,Subcortical,Tian_S4,98,784,individual_rois/limbic/Tian_36_Tian_Unknown_36.nii.gz
Tian_37_Tian_Unknown_37.nii.gz,Subcortical,Tian_S4,226,1808,individual_rois/limbic/Tian_37_Tian_Unknown_37.nii.gz
Tian_38_Tian_Unknown_38.nii.gz,Subcortical,Tian_S4,172,1376,individual_rois/limbic/Tian_38_Tian_Unknown_38.nii.gz
Tian_39_Tian_Unknown_39.nii.gz,Subcortical,Tian_S4,132,1056,individual_rois/limbic/Tian_39_Tian_Unknown_39.nii.gz
Tian_40_Tian_Unknown_40.nii.gz,Subcortical,Tian_S4,206,1648,individual_rois/limbic/Tian_40_Tian_Unknown_40.nii.gz
Tian_41_Tian_Unknown_41.nii.gz,Subcortical,Tian_S4,207,1656,individual_rois/limbic/Tian_41_Tian_Unknown_41.nii.gz
Tian_42_Tian_Unknown_42.nii.gz,Subcortical,Tian_S4,245,1960,individual_rois/limbic/Tian_42_Tian_Unknown_42.nii.gz
Tian_43_Tian_Unknown_43.nii.gz,Subcortical,Tian_S4,240,1920,individual_rois/limbic/Tian_43_Tian_Unknown_43.nii.gz
Tian_44_Tian_Unknown_44.nii.gz,Subcortical,Tian_S4,121,968,individual_rois/limbic/Tian_44_Tian_Unknown_44.nii.gz
Tian_45_Tian_Unknown_45.nii.gz,Subcortical,Tian_S4,165,1320,individual_rois/limbic/Tian_45_Tian_Unknown_45.nii.gz
Tian_46_Tian_Unknown_46.nii.gz,Subcortical,Tian_S4,107,856,individual_rois/limbic/Tian_46_Tian_Unknown_46.nii.gz
Tian_47_Tian_Unknown_47.nii.gz,Subcortical,Tian_S4,42,336,individual_rois/limbic/Tian_47_Tian_Unknown_47.nii.gz
Tian_48_Tian_Unknown_48.nii.gz,Subcortical,Tian_S4,160,1280,individual_rois/limbic/Tian_48_Tian_Unknown_48.nii.gz
Tian_49_Tian_Unknown_49.nii.gz,Subcortical,Tian_S4,190,1520,individual_rois/limbic/Tian_49_Tian_Unknown_49.nii.gz
Tian_50_Tian_Unknown_50.nii.gz,Subcortical,Tian_S4,201,1608,individual_rois/limbic/Tian_50_Tian_Unknown_50.nii.gz
Tian_51_Tian_Unknown_51.nii.gz,Subcortical,Tian_S4,116,928,individual_rois/limbic/Tian_51_Tian_Unknown_51.nii.gz
Tian_52_Tian_Unknown_52.nii.gz,Subcortical,Tian_S4,90,720,individual_rois/limbic/Tian_52_Tian_Unknown_52.nii.gz
Tian_53_Tian_Unknown_53.nii.gz,Subcortical,Tian_S4,90,720,individual_rois/limbic/Tian_53_Tian_Unknown_53.nii.gz
Tian_54_Tian_Unknown_54.nii.gz,Subcortical,Tian_S4,108,864,individual_rois/limbic/Tian_54_Tian_Unknown_54.nii.gz
Des_101_1LG_and_S_frontomargin.nii.gz,Cortical,Destrieux,446,3568,individual_rois/cortical/Des_101_1LG_and_S_frontomargin.nii.gz
Des_102_2LG_and_S_occipital_inf.nii.gz,Cortical,Destrieux,446,3568,individual_rois/cortical/Des_102_2LG_and_S_occipital_inf.nii.gz
Des_103_3LG_and_S_paracentral.nii.gz,Cortical,Destrieux,826,6608,individual_rois/cortical/Des_103_3LG_and_S_paracentral.nii.gz
Des_104_4LG_and_S_subcentral.nii.gz,Cortical,Destrieux,813,6504,individual_rois/cortical/Des_104_4LG_and_S_subcentral.nii.gz
Des_105_5LG_and_S_transv_frontopol.nii.gz,Cortical,Destrieux,365,2920,individual_rois/cortical/Des_105_5LG_and_S_transv_frontopol.nii.gz
Des_106_6LG_and_S_cingul-Ant.nii.gz,Cortical,Destrieux,718,5744,individual_rois/cortical/Des_106_6LG_and_S_cingul-Ant.nii.gz
Des_107_7LG_and_S_cingul-Mid-Ant.nii.gz,Cortical,Destrieux,490,3920,individual_rois/cortical/Des_107_7LG_and_S_cingul-Mid-Ant.nii.gz
Des_108_8LG_and_S_cingul-Mid-Post.nii.gz,Cortical,Destrieux,485,3880,individual_rois/cortical/Des_108_8LG_and_S_cingul-Mid-Post.nii.gz
Des_109_9LG_cingul-Post-dorsal.nii.gz,Cortical,Destrieux,318,2544,individual_rois/cortical/Des_109_9LG_cingul-Post-dorsal.nii.gz
Des_110_10LG_cingul-Post-ventral.nii.gz,Cortical,Destrieux,145,1160,individual_rois/cortical/Des_110_10LG_cingul-Post-ventral.nii.gz
Des_111_11LG_cuneus.nii.gz,Cortical,Destrieux,569,4552,individual_rois/cortical/Des_111_11LG_cuneus.nii.gz
Des_112_12LG_front_inf-Opercular.nii.gz,Cortical,Destrieux,770,6160,individual_rois/cortical/Des_112_12LG_front_inf-Opercular.nii.gz
Des_113_13LG_front_inf-Orbital.nii.gz,Cortical,Destrieux,195,1560,individual_rois/cortical/Des_113_13LG_front_inf-Orbital.nii.gz
Des_114_14LG_front_inf-Triangul.nii.gz,Cortical,Destrieux,432,3456,individual_rois/cortical/Des_114_14LG_front_inf-Triangul.nii.gz
Des_115_15LG_front_middle.nii.gz,Cortical,Destrieux,1791,14328,individual_rois/cortical/Des_115_15LG_front_middle.nii.gz
Des_116_16LG_front_sup.nii.gz,Cortical,Destrieux,3777,30216,individual_rois/cortical/Des_116_16LG_front_sup.nii.gz
Des_117_17LG_Ins_lg_and_S_cent_ins.nii.gz,Cortical,Destrieux,319,2552,individual_rois/cortical/Des_117_17LG_Ins_lg_and_S_cent_ins.nii.gz
Des_118_18LG_insular_short.nii.gz,Cortical,Destrieux,457,3656,individual_rois/cortical/Des_118_18LG_insular_short.nii.gz
Des_119_19LG_occipital_middle.nii.gz,Cortical,Destrieux,834,6672,individual_rois/cortical/Des_119_19LG_occipital_middle.nii.gz
Des_120_20LG_occipital_sup.nii.gz,Cortical,Destrieux,522,4176,individual_rois/cortical/Des_120_20LG_occipital_sup.nii.gz
Des_121_21LG_oc-temp_lat-fusifor.nii.gz,Cortical,Destrieux,911,7288,individual_rois/cortical/Des_121_21LG_oc-temp_lat-fusifor.nii.gz
Des_122_22LG_oc-temp_med-Lingual.nii.gz,Cortical,Destrieux,1073,8584,individual_rois/cortical/Des_122_22LG_oc-temp_med-Lingual.nii.gz
Des_123_23LG_oc-temp_med-Parahip.nii.gz,Cortical,Destrieux,884,7072,individual_rois/cortical/Des_123_23LG_oc-temp_med-Parahip.nii.gz
Des_124_24LG_orbital.nii.gz,Cortical,Destrieux,1312,10496,individual_rois/cortical/Des_124_24LG_orbital.nii.gz
Des_125_25LG_pariet_inf-Angular.nii.gz,Cortical,Destrieux,1065,8520,individual_rois/cortical/Des_125_25LG_pariet_inf-Angular.nii.gz
Des_126_26LG_pariet_inf-Supramar.nii.gz,Cortical,Destrieux,1218,9744,individual_rois/cortical/Des_126_26LG_pariet_inf-Supramar.nii.gz
Des_127_27LG_parietal_sup.nii.gz,Cortical,Destrieux,1168,9344,individual_rois/cortical/Des_127_27LG_parietal_sup.nii.gz
Des_128_28LG_postcentral.nii.gz,Cortical,Destrieux,1138,9104,individual_rois/cortical/Des_128_28LG_postcentral.nii.gz
Des_129_29LG_precentral.nii.gz,Cortical,Destrieux,1636,13088,individual_rois/cortical/Des_129_29LG_precentral.nii.gz
Des_130_30LG_precuneus.nii.gz,Cortical,Destrieux,1097,8776,individual_rois/cortical/Des_130_30LG_precuneus.nii.gz
Des_131_31LG_rectus.nii.gz,Cortical,Destrieux,673,5384,individual_rois/cortical/Des_131_31LG_rectus.nii.gz
Des_132_32LG_subcallosal.nii.gz,Cortical,Destrieux,67,536,individual_rois/cortical/Des_132_32LG_subcallosal.nii.gz
Des_133_33LG_temp_sup-G_T_transv.nii.gz,Cortical,Destrieux,296,2368,individual_rois/cortical/Des_133_33LG_temp_sup-G_T_transv.nii.gz
Des_134_34LG_temp_sup-Lateral.nii.gz,Cortical,Destrieux,1383,11064,individual_rois/cortical/Des_134_34LG_temp_sup-Lateral.nii.gz
Des_135_35LG_temp_sup-Plan_polar.nii.gz,Cortical,Destrieux,313,2504,individual_rois/cortical/Des_135_35LG_temp_sup-Plan_polar.nii.gz
Des_136_36LG_temp_sup-Plan_tempo.nii.gz,Cortical,Destrieux,427,3416,individual_rois/cortical/Des_136_36LG_temp_sup-Plan_tempo.nii.gz
Des_137_37LG_temporal_inf.nii.gz,Cortical,Destrieux,1244,9952,individual_rois/cortical/Des_137_37LG_temporal_inf.nii.gz
Des_138_38LG_temporal_middle.nii.gz,Cortical,Destrieux,1460,11680,individual_rois/cortical/Des_138_38LG_temporal_middle.nii.gz
Des_139_39LLat_Fis-ant-Horizont.nii.gz,Cortical,Destrieux,70,560,individual_rois/cortical/Des_139_39LLat_Fis-ant-Horizont.nii.gz
Des_140_40LLat_Fis-ant-Vertical.nii.gz,Cortical,Destrieux,111,888,individual_rois/cortical/Des_140_40LLat_Fis-ant-Vertical.nii.gz
Des_141_41LLat_Fis-post.nii.gz,Cortical,Destrieux,389,3112,individual_rois/cortical/Des_141_41LLat_Fis-post.nii.gz
Des_143_43LPole_occipital.nii.gz,Cortical,Destrieux,788,6304,individual_rois/cortical/Des_143_43LPole_occipital.nii.gz
Des_144_44LPole_temporal.nii.gz,Cortical,Destrieux,940,7520,individual_rois/cortical/Des_144_44LPole_temporal.nii.gz
Des_145_45LS_calcarine.nii.gz,Cortical,Destrieux,677,5416,individual_rois/cortical/Des_145_45LS_calcarine.nii.gz
Des_146_46LS_central.nii.gz,Cortical,Destrieux,1070,8560,individual_rois/cortical/Des_146_46LS_central.nii.gz
Des_147_47LS_cingul-Marginalis.nii.gz,Cortical,Destrieux,396,3168,individual_rois/cortical/Des_147_47LS_cingul-Marginalis.nii.gz
Des_148_48LS_circular_insula_ant.nii.gz,Cortical,Destrieux,197,1576,individual_rois/cortical/Des_148_48LS_circular_insula_ant.nii.gz
Des_149_49LS_circular_insula_inf.nii.gz,Cortical,Destrieux,652,5216,individual_rois/cortical/Des_149_49LS_circular_insula_inf.nii.gz
Des_150_50LS_circular_insula_sup.nii.gz,Cortical,Destrieux,602,4816,individual_rois/cortical/Des_150_50LS_circular_insula_sup.nii.gz
Des_151_51LS_collat_transv_ant.nii.gz,Cortical,Destrieux,270,2160,individual_rois/cortical/Des_151_51LS_collat_transv_ant.nii.gz
Des_152_52LS_collat_transv_post.nii.gz,Cortical,Destrieux,69,552,individual_rois/cortical/Des_152_52LS_collat_transv_post.nii.gz
Des_153_53LS_front_inf.nii.gz,Cortical,Destrieux,496,3968,individual_rois/cortical/Des_153_53LS_front_inf.nii.gz
Des_154_54LS_front_middle.nii.gz,Cortical,Destrieux,349,2792,individual_rois/cortical/Des_154_54LS_front_middle.nii.gz
Des_155_55LS_front_sup.nii.gz,Cortical,Destrieux,711,5688,individual_rois/cortical/Des_155_55LS_front_sup.nii.gz
Des_156_56LS_interm_prim-Jensen.nii.gz,Cortical,Destrieux,53,424,individual_rois/cortical/Des_156_56LS_interm_prim-Jensen.nii.gz
Des_157_57LS_intrapariet_and_P_trans.nii.gz,Cortical,Destrieux,780,6240,individual_rois/cortical/Des_157_57LS_intrapariet_and_P_trans.nii.gz
Des_158_58LS_oc_middle_and_Lunatus.nii.gz,Cortical,Destrieux,211,1688,individual_rois/cortical/Des_158_58LS_oc_middle_and_Lunatus.nii.gz
Des_159_59LS_oc_sup_and_transversal.nii.gz,Cortical,Destrieux,299,2392,individual_rois/cortical/Des_159_59LS_oc_sup_and_transversal.nii.gz
Des_160_60LS_occipital_ant.nii.gz,Cortical,Destrieux,149,1192,individual_rois/cortical/Des_160_60LS_occipital_ant.nii.gz
Des_161_61LS_oc-temp_lat.nii.gz,Cortical,Destrieux,199,1592,individual_rois/cortical/Des_161_61LS_oc-temp_lat.nii.gz
Des_162_62LS_oc-temp_med_and_Lingual.nii.gz,Cortical,Destrieux,536,4288,individual_rois/cortical/Des_162_62LS_oc-temp_med_and_Lingual.nii.gz
Des_163_63LS_orbital_lateral.nii.gz,Cortical,Destrieux,86,688,individual_rois/cortical/Des_163_63LS_orbital_lateral.nii.gz
Des_164_64LS_orbital_med-olfact.nii.gz,Cortical,Destrieux,177,1416,individual_rois/cortical/Des_164_64LS_orbital_med-olfact.nii.gz
Des_165_65LS_orbital-H_Shaped.nii.gz,Cortical,Destrieux,333,2664,individual_rois/cortical/Des_165_65LS_orbital-H_Shaped.nii.gz
Des_166_66LS_parieto_occipital.nii.gz,Cortical,Destrieux,532,4256,individual_rois/cortical/Des_166_66LS_parieto_occipital.nii.gz
Des_167_67LS_pericallosal.nii.gz,Cortical,Destrieux,426,3408,individual_rois/cortical/Des_167_67LS_pericallosal.nii.gz
Des_168_68LS_postcentral.nii.gz,Cortical,Destrieux,739,5912,individual_rois/cortical/Des_168_68LS_postcentral.nii.gz
Des_169_69LS_precentral-inf-part.nii.gz,Cortical,Destrieux,434,3472,individual_rois/cortical/Des_169_69LS_precentral-inf-part.nii.gz
Des_170_70LS_precentral-sup-part.nii.gz,Cortical,Destrieux,404,3232,individual_rois/cortical/Des_170_70LS_precentral-sup-part.nii.gz
Des_171_71LS_suborbital.nii.gz,Cortical,Destrieux,245,1960,individual_rois/cortical/Des_171_71LS_suborbital.nii.gz
Des_172_72LS_subparietal.nii.gz,Cortical,Destrieux,306,2448,individual_rois/cortical/Des_172_72LS_subparietal.nii.gz
Des_173_73LS_temporal_inf.nii.gz,Cortical,Destrieux,238,1904,individual_rois/cortical/Des_173_73LS_temporal_inf.nii.gz
Des_174_74LS_temporal_sup.nii.gz,Cortical,Destrieux,1339,10712,individual_rois/cortical/Des_174_74LS_temporal_sup.nii.gz
Des_175_75LS_temporal_transverse.nii.gz,Cortical,Destrieux,108,864,individual_rois/cortical/Des_175_75LS_temporal_transverse.nii.gz
Des_176_76RG_and_S_frontomargin.nii.gz,Cortical,Destrieux,435,3480,individual_rois/cortical/Des_176_76RG_and_S_frontomargin.nii.gz
Des_177_77RG_and_S_occipital_inf.nii.gz,Cortical,Destrieux,584,4672,individual_rois/cortical/Des_177_77RG_and_S_occipital_inf.nii.gz
Des_178_78RG_and_S_paracentral.nii.gz,Cortical,Destrieux,732,5856,individual_rois/cortical/Des_178_78RG_and_S_paracentral.nii.gz
Des_179_79RG_and_S_subcentral.nii.gz,Cortical,Destrieux,617,4936,individual_rois/cortical/Des_179_79RG_and_S_subcentral.nii.gz
Des_180_80RG_and_S_transv_frontopol.nii.gz,Cortical,Destrieux,508,4064,individual_rois/cortical/Des_180_80RG_and_S_transv_frontopol.nii.gz
Des_181_81RG_and_S_cingul-Ant.nii.gz,Cortical,Destrieux,976,7808,individual_rois/cortical/Des_181_81RG_and_S_cingul-Ant.nii.gz
Des_182_82RG_and_S_cingul-Mid-Ant.nii.gz,Cortical,Destrieux,593,4744,individual_rois/cortical/Des_182_82RG_and_S_cingul-Mid-Ant.nii.gz
Des_183_83RG_and_S_cingul-Mid-Post.nii.gz,Cortical,Destrieux,619,4952,individual_rois/cortical/Des_183_83RG_and_S_cingul-Mid-Post.nii.gz
Des_184_84RG_cingul-Post-dorsal.nii.gz,Cortical,Destrieux,397,3176,individual_rois/cortical/Des_184_84RG_cingul-Post-dorsal.nii.gz
Des_185_85RG_cingul-Post-ventral.nii.gz,Cortical,Destrieux,204,1632,individual_rois/cortical/Des_185_85RG_cingul-Post-ventral.nii.gz
Des_186_86RG_cuneus.nii.gz,Cortical,Destrieux,633,5064,individual_rois/cortical/Des_186_86RG_cuneus.nii.gz
Des_187_87RG_front_inf-Opercular.nii.gz,Cortical,Destrieux,733,5864,individual_rois/cortical/Des_187_87RG_front_inf-Opercular.nii.gz
Des_188_88RG_front_inf-Orbital.nii.gz,Cortical,Destrieux,116,928,individual_rois/cortical/Des_188_88RG_front_inf-Orbital.nii.gz
Des_189_89RG_front_inf-Triangul.nii.gz,Cortical,Destrieux,436,3488,individual_rois/cortical/Des_189_89RG_front_inf-Triangul.nii.gz
Des_190_90RG_front_middle.nii.gz,Cortical,Destrieux,1746,13968,individual_rois/cortical/Des_190_90RG_front_middle.nii.gz
Des_191_91RG_front_sup.nii.gz,Cortical,Destrieux,3455,27640,individual_rois/cortical/Des_191_91RG_front_sup.nii.gz
Des_192_92RG_Ins_lg_and_S_cent_ins.nii.gz,Cortical,Destrieux,291,2328,individual_rois/cortical/Des_192_92RG_Ins_lg_and_S_cent_ins.nii.gz
Des_193_93RG_insular_short.nii.gz,Cortical,Destrieux,381,3048,individual_rois/cortical/Des_193_93RG_insular_short.nii.gz
Des_194_94RG_occipital_middle.nii.gz,Cortical,Destrieux,866,6928,individual_rois/cortical/Des_194_94RG_occipital_middle.nii.gz
Des_195_95RG_occipital_sup.nii.gz,Cortical,Destrieux,696,5568,individual_rois/cortical/Des_195_95RG_occipital_sup.nii.gz
Des_196_96RG_oc-temp_lat-fusifor.nii.gz,Cortical,Destrieux,810,6480,individual_rois/cortical/Des_196_96RG_oc-temp_lat-fusifor.nii.gz
Des_197_97RG_oc-temp_med-Lingual.nii.gz,Cortical,Destrieux,1063,8504,individual_rois/cortical/Des_197_97RG_oc-temp_med-Lingual.nii.gz
Des_198_98RG_oc-temp_med-Parahip.nii.gz,Cortical,Destrieux,874,6992,individual_rois/cortical/Des_198_98RG_oc-temp_med-Parahip.nii.gz
Des_199_99RG_orbital.nii.gz,Cortical,Destrieux,1554,12432,individual_rois/cortical/Des_199_99RG_orbital.nii.gz
Des_200_100RG_pariet_inf-Angular.nii.gz,Cortical,Destrieux,970,7760,individual_rois/cortical/Des_200_100RG_pariet_inf-Angular.nii.gz
Des_201_101RG_pariet_inf-Supramar.nii.gz,Cortical,Destrieux,1263,10104,individual_rois/cortical/Des_201_101RG_pariet_inf-Supramar.nii.gz
Des_202_102RG_parietal_sup.nii.gz,Cortical,Destrieux,931,7448,individual_rois/cortical/Des_202_102RG_parietal_sup.nii.gz
Des_203_103RG_postcentral.nii.gz,Cortical,Destrieux,1073,8584,individual_rois/cortical/Des_203_103RG_postcentral.nii.gz
Des_204_104RG_precentral.nii.gz,Cortical,Destrieux,1662,13296,individual_rois/cortical/Des_204_104RG_precentral.nii.gz
Des_205_105RG_precuneus.nii.gz,Cortical,Destrieux,1154,9232,individual_rois/cortical/Des_205_105RG_precuneus.nii.gz
Des_206_106RG_rectus.nii.gz,Cortical,Destrieux,490,3920,individual_rois/cortical/Des_206_106RG_rectus.nii.gz
Des_207_107RG_subcallosal.nii.gz,Cortical,Destrieux,89,712,individual_rois/cortical/Des_207_107RG_subcallosal.nii.gz
Des_208_108RG_temp_sup-G_T_transv.nii.gz,Cortical,Destrieux,238,1904,individual_rois/cortical/Des_208_108RG_temp_sup-G_T_transv.nii.gz
Des_209_109RG_temp_sup-Lateral.nii.gz,Cortical,Destrieux,1175,9400,individual_rois/cortical/Des_209_109RG_temp_sup-Lateral.nii.gz
Des_210_110RG_temp_sup-Plan_polar.nii.gz,Cortical,Destrieux,301,2408,individual_rois/cortical/Des_210_110RG_temp_sup-Plan_polar.nii.gz
Des_211_111RG_temp_sup-Plan_tempo.nii.gz,Cortical,Destrieux,297,2376,individual_rois/cortical/Des_211_111RG_temp_sup-Plan_tempo.nii.gz
Des_212_112RG_temporal_inf.nii.gz,Cortical,Destrieux,1244,9952,individual_rois/cortical/Des_212_112RG_temporal_inf.nii.gz
Des_213_113RG_temporal_middle.nii.gz,Cortical,Destrieux,1567,12536,individual_rois/cortical/Des_213_113RG_temporal_middle.nii.gz
Des_214_114RLat_Fis-ant-Horizont.nii.gz,Cortical,Destrieux,114,912,individual_rois/cortical/Des_214_114RLat_Fis-ant-Horizont.nii.gz
Des_215_115RLat_Fis-ant-Vertical.nii.gz,Cortical,Destrieux,66,528,individual_rois/cortical/Des_215_115RLat_Fis-ant-Vertical.nii.gz
Des_216_116RLat_Fis-post.nii.gz,Cortical,Destrieux,506,4048,individual_rois/cortical/Des_216_116RLat_Fis-post.nii.gz
Des_218_118RPole_occipital.nii.gz,Cortical,Destrieux,1081,8648,individual_rois/cortical/Des_218_118RPole_occipital.nii.gz
Des_219_119RPole_temporal.nii.gz,Cortical,Destrieux,1080,8640,individual_rois/cortical/Des_219_119RPole_temporal.nii.gz
Des_220_120RS_calcarine.nii.gz,Cortical,Destrieux,651,5208,individual_rois/cortical/Des_220_120RS_calcarine.nii.gz
Des_221_121RS_central.nii.gz,Cortical,Destrieux,1061,8488,individual_rois/cortical/Des_221_121RS_central.nii.gz
Des_222_122RS_cingul-Marginalis.nii.gz,Cortical,Destrieux,470,3760,individual_rois/cortical/Des_222_122RS_cingul-Marginalis.nii.gz
Des_223_123RS_circular_insula_ant.nii.gz,Cortical,Destrieux,215,1720,individual_rois/cortical/Des_223_123RS_circular_insula_ant.nii.gz
Des_224_124RS_circular_insula_inf.nii.gz,Cortical,Destrieux,537,4296,individual_rois/cortical/Des_224_124RS_circular_insula_inf.nii.gz
Des_225_125RS_circular_insula_sup.nii.gz,Cortical,Destrieux,496,3968,individual_rois/cortical/Des_225_125RS_circular_insula_sup.nii.gz
Des_226_126RS_collat_transv_ant.nii.gz,Cortical,Destrieux,242,1936,individual_rois/cortical/Des_226_126RS_collat_transv_ant.nii.gz
Des_227_127RS_collat_transv_post.nii.gz,Cortical,Destrieux,74,592,individual_rois/cortical/Des_227_127RS_collat_transv_post.nii.gz
Des_228_128RS_front_inf.nii.gz,Cortical,Destrieux,470,3760,individual_rois/cortical/Des_228_128RS_front_inf.nii.gz
Des_229_129RS_front_middle.nii.gz,Cortical,Destrieux,416,3328,individual_rois/cortical/Des_229_129RS_front_middle.nii.gz
Des_230_130RS_front_sup.nii.gz,Cortical,Destrieux,577,4616,individual_rois/cortical/Des_230_130RS_front_sup.nii.gz
Des_231_131RS_interm_prim-Jensen.nii.gz,Cortical,Destrieux,98,784,individual_rois/cortical/Des_231_131RS_interm_prim-Jensen.nii.gz
Des_232_132RS_intrapariet_and_P_trans.nii.gz,Cortical,Destrieux,671,5368,individual_rois/cortical/Des_232_132RS_intrapariet_and_P_trans.nii.gz
Des_233_133RS_oc_middle_and_Lunatus.nii.gz,Cortical,Destrieux,207,1656,individual_rois/cortical/Des_233_133RS_oc_middle_and_Lunatus.nii.gz
Des_234_134RS_oc_sup_and_transversal.nii.gz,Cortical,Destrieux,362,2896,individual_rois/cortical/Des_234_134RS_oc_sup_and_transversal.nii.gz
Des_235_135RS_occipital_ant.nii.gz,Cortical,Destrieux,115,920,individual_rois/cortical/Des_235_135RS_occipital_ant.nii.gz
Des_236_136RS_oc-temp_lat.nii.gz,Cortical,Destrieux,157,1256,individual_rois/cortical/Des_236_136RS_oc-temp_lat.nii.gz
Des_237_137RS_oc-temp_med_and_Lingual.nii.gz,Cortical,Destrieux,519,4152,individual_rois/cortical/Des_237_137RS_oc-temp_med_and_Lingual.nii.gz
Des_238_138RS_orbital_lateral.nii.gz,Cortical,Destrieux,83,664,individual_rois/cortical/Des_238_138RS_orbital_lateral.nii.gz
Des_239_139RS_orbital_med-olfact.nii.gz,Cortical,Destrieux,189,1512,individual_rois/cortical/Des_239_139RS_orbital_med-olfact.nii.gz
Des_240_140RS_orbital-H_Shaped.nii.gz,Cortical,Destrieux,408,3264,individual_rois/cortical/Des_240_140RS_orbital-H_Shaped.nii.gz
Des_241_141RS_parieto_occipital.nii.gz,Cortical,Destrieux,574,4592,individual_rois/cortical/Des_241_141RS_parieto_occipital.nii.gz
Des_242_142RS_pericallosal.nii.gz,Cortical,Destrieux,438,3504,individual_rois/cortical/Des_242_142RS_pericallosal.nii.gz
Des_243_143RS_postcentral.nii.gz,Cortical,Destrieux,633,5064,individual_rois/cortical/Des_243_143RS_postcentral.nii.gz
Des_244_144RS_precentral-inf-part.nii.gz,Cortical,Destrieux,439,3512,individual_rois/cortical/Des_244_144RS_precentral-inf-part.nii.gz
Des_245_145RS_precentral-sup-part.nii.gz,Cortical,Destrieux,412,3296,individual_rois/cortical/Des_245_145RS_precentral-sup-part.nii.gz
Des_246_146RS_suborbital.nii.gz,Cortical,Destrieux,119,952,individual_rois/cortical/Des_246_146RS_suborbital.nii.gz
Des_247_147RS_subparietal.nii.gz,Cortical,Destrieux,297,2376,individual_rois/cortical/Des_247_147RS_subparietal.nii.gz
Des_248_148RS_temporal_inf.nii.gz,Cortical,Destrieux,190,1520,individual_rois/cortical/Des_248_148RS_temporal_inf.nii.gz
Des_249_149RS_temporal_sup.nii.gz,Cortical,Destrieux,1715,13720,individual_rois/cortical/Des_249_149RS_temporal_sup.nii.gz
Des_250_150RS_temporal_transverse.nii.gz,Cortical,Destrieux,94,752,individual_rois/cortical/Des_250_150RS_temporal_transverse.nii.gz
