levtiades_index,source_atlas,original_index,region_name,voxel_count,original_roi_file
1,Levinson,1,Locus_Coeruleus_LC,84,levinson_001_Locus_Coeruleus_LC.nii.gz
2,Levinson,2,Nucleus_Tractus_Solitarius_NTS,589,levinson_002_Nucleus_Tractus_Solitarius_NTS.nii.gz
3,Levinson,3,Ventral_Tegmental_Area_VTA,283,levinson_003_Ventral_Tegmental_Area_VTA.nii.gz
4,Levinson,4,Periaqueductal_Gray_PAG,128,levinson_004_Periaqueductal_Gray_PAG.nii.gz
5,Levinson,5,Dorsal_Raphe_Nucleus_DRN,252,levinson_005_Dorsal_Raphe_Nucleus_DRN.nii.gz
6,Tian,28,HIP-head-m1-lh,85,tian_028_HIP-head-m1-lh.nii.gz
7,Tian,29,HIP-head-m2-lh,45,tian_029_HIP-head-m2-lh.nii.gz
8,Tian,30,THA-VAip-lh,199,tian_030_THA-VAip-lh.nii.gz
9,Tian,31,THA-VAia-lh,139,tian_031_THA-VAia-lh.nii.gz
10,Tian,32,HIP-head-l-lh,216,tian_032_HIP-head-l-lh.nii.gz
11,Tian,33,HIP-body-lh,198,tian_033_HIP-body-lh.nii.gz
12,Tian,34,HIP-tail-lh,106,tian_034_HIP-tail-lh.nii.gz
13,Tian,35,THA-VPm-lh,88,tian_035_THA-VPm-lh.nii.gz
14,Tian,36,THA-VPl-lh,98,tian_036_THA-VPl-lh.nii.gz
15,Tian,37,THA-VAs-lh,226,tian_037_THA-VAs-lh.nii.gz
16,Tian,38,THA-DAm-lh,172,tian_038_THA-DAm-lh.nii.gz
17,Tian,39,THA-DAl-lh,132,tian_039_THA-DAl-lh.nii.gz
18,Tian,40,PUT-VA-lh,206,tian_040_PUT-VA-lh.nii.gz
19,Tian,41,PUT-DA-lh,207,tian_041_PUT-DA-lh.nii.gz
20,Tian,42,PUT-VP-lh,245,tian_042_PUT-VP-lh.nii.gz
21,Tian,43,PUT-DP-lh,240,tian_043_PUT-DP-lh.nii.gz
22,Tian,44,CAU-VA-lh,121,tian_044_CAU-VA-lh.nii.gz
23,Tian,45,CAU-DA-lh,165,tian_045_CAU-DA-lh.nii.gz
24,Tian,46,CAU-body-lh,107,tian_046_CAU-body-lh.nii.gz
25,Tian,47,CAU-tail-lh,42,tian_047_CAU-tail-lh.nii.gz
26,Tian,48,lAMY-lh,160,tian_048_lAMY-lh.nii.gz
27,Tian,49,mAMY-lh,190,tian_049_mAMY-lh.nii.gz
28,Tian,50,THA-DP-lh,201,tian_050_THA-DP-lh.nii.gz
29,Tian,51,NAc-shell-lh,116,tian_051_NAc-shell-lh.nii.gz
30,Tian,52,NAc-core-lh,90,tian_052_NAc-core-lh.nii.gz
31,Tian,53,pGP-lh,90,tian_053_pGP-lh.nii.gz
32,Tian,54,aGP-lh,108,tian_054_aGP-lh.nii.gz
33,Tian,1,HIP-head-m1-rh,85,tian_001_HIP-head-m1-rh.nii.gz
34,Tian,2,HIP-head-m2-rh,45,tian_002_HIP-head-m2-rh.nii.gz
35,Tian,3,THA-VAip-rh,199,tian_003_THA-VAip-rh.nii.gz
36,Tian,4,THA-VAia-rh,139,tian_004_THA-VAia-rh.nii.gz
37,Tian,5,HIP-head-l-rh,216,tian_005_HIP-head-l-rh.nii.gz
38,Tian,6,HIP-body-rh,198,tian_006_HIP-body-rh.nii.gz
39,Tian,7,HIP-tail-rh,106,tian_007_HIP-tail-rh.nii.gz
40,Tian,8,THA-VPm-rh,88,tian_008_THA-VPm-rh.nii.gz
41,Tian,9,THA-VPl-rh,98,tian_009_THA-VPl-rh.nii.gz
42,Tian,10,THA-VAs-rh,226,tian_010_THA-VAs-rh.nii.gz
43,Tian,11,THA-DAm-rh,172,tian_011_THA-DAm-rh.nii.gz
44,Tian,12,THA-DAl-rh,132,tian_012_THA-DAl-rh.nii.gz
45,Tian,13,PUT-VA-rh,206,tian_013_PUT-VA-rh.nii.gz
46,Tian,14,PUT-DA-rh,207,tian_014_PUT-DA-rh.nii.gz
47,Tian,15,PUT-VP-rh,245,tian_015_PUT-VP-rh.nii.gz
48,Tian,16,PUT-DP-rh,240,tian_016_PUT-DP-rh.nii.gz
49,Tian,17,CAU-VA-rh,121,tian_017_CAU-VA-rh.nii.gz
50,Tian,18,CAU-DA-rh,165,tian_018_CAU-DA-rh.nii.gz
51,Tian,19,CAU-body-rh,107,tian_019_CAU-body-rh.nii.gz
52,Tian,20,CAU-tail-rh,42,tian_020_CAU-tail-rh.nii.gz
53,Tian,21,lAMY-rh,160,tian_021_lAMY-rh.nii.gz
54,Tian,22,mAMY-rh,190,tian_022_mAMY-rh.nii.gz
55,Tian,23,THA-DP-rh,201,tian_023_THA-DP-rh.nii.gz
56,Tian,24,NAc-shell-rh,116,tian_024_NAc-shell-rh.nii.gz
57,Tian,25,NAc-core-rh,90,tian_025_NAc-core-rh.nii.gz
58,Tian,26,pGP-rh,90,tian_026_pGP-rh.nii.gz
59,Tian,27,aGP-rh,108,tian_027_aGP-rh.nii.gz
60,Destrieux,1,L_G_and_S_frontomargin,446,destrieux_001_L_G_and_S_frontomargin.nii.gz
61,Destrieux,2,L_G_and_S_occipital_inf,446,destrieux_002_L_G_and_S_occipital_inf.nii.gz
62,Destrieux,3,L_G_and_S_paracentral,826,destrieux_003_L_G_and_S_paracentral.nii.gz
63,Destrieux,4,L_G_and_S_subcentral,813,destrieux_004_L_G_and_S_subcentral.nii.gz
64,Destrieux,5,L_G_and_S_transv_frontopol,365,destrieux_005_L_G_and_S_transv_frontopol.nii.gz
65,Destrieux,6,L_G_and_S_cingul-Ant,718,destrieux_006_L_G_and_S_cingul-Ant.nii.gz
66,Destrieux,7,L_G_and_S_cingul-Mid-Ant,490,destrieux_007_L_G_and_S_cingul-Mid-Ant.nii.gz
67,Destrieux,8,L_G_and_S_cingul-Mid-Post,485,destrieux_008_L_G_and_S_cingul-Mid-Post.nii.gz
68,Destrieux,9,L_G_cingul-Post-dorsal,318,destrieux_009_L_G_cingul-Post-dorsal.nii.gz
69,Destrieux,10,L_G_cingul-Post-ventral,145,destrieux_010_L_G_cingul-Post-ventral.nii.gz
70,Destrieux,11,L_G_cuneus,569,destrieux_011_L_G_cuneus.nii.gz
71,Destrieux,12,L_G_front_inf-Opercular,770,destrieux_012_L_G_front_inf-Opercular.nii.gz
72,Destrieux,13,L_G_front_inf-Orbital,195,destrieux_013_L_G_front_inf-Orbital.nii.gz
73,Destrieux,14,L_G_front_inf-Triangul,432,destrieux_014_L_G_front_inf-Triangul.nii.gz
74,Destrieux,15,L_G_front_middle,1791,destrieux_015_L_G_front_middle.nii.gz
75,Destrieux,16,L_G_front_sup,3777,destrieux_016_L_G_front_sup.nii.gz
76,Destrieux,17,L_G_Ins_lg_and_S_cent_ins,319,destrieux_017_L_G_Ins_lg_and_S_cent_ins.nii.gz
77,Destrieux,18,L_G_insular_short,457,destrieux_018_L_G_insular_short.nii.gz
78,Destrieux,19,L_G_occipital_middle,834,destrieux_019_L_G_occipital_middle.nii.gz
79,Destrieux,20,L_G_occipital_sup,522,destrieux_020_L_G_occipital_sup.nii.gz
80,Destrieux,21,L_G_oc-temp_lat-fusifor,911,destrieux_021_L_G_oc-temp_lat-fusifor.nii.gz
81,Destrieux,22,L_G_oc-temp_med-Lingual,1073,destrieux_022_L_G_oc-temp_med-Lingual.nii.gz
82,Destrieux,23,L_G_oc-temp_med-Parahip,1021,destrieux_023_L_G_oc-temp_med-Parahip.nii.gz
83,Destrieux,24,L_G_orbital,1312,destrieux_024_L_G_orbital.nii.gz
84,Destrieux,25,L_G_pariet_inf-Angular,1065,destrieux_025_L_G_pariet_inf-Angular.nii.gz
85,Destrieux,26,L_G_pariet_inf-Supramar,1218,destrieux_026_L_G_pariet_inf-Supramar.nii.gz
86,Destrieux,27,L_G_parietal_sup,1168,destrieux_027_L_G_parietal_sup.nii.gz
87,Destrieux,28,L_G_postcentral,1138,destrieux_028_L_G_postcentral.nii.gz
88,Destrieux,29,L_G_precentral,1636,destrieux_029_L_G_precentral.nii.gz
89,Destrieux,30,L_G_precuneus,1097,destrieux_030_L_G_precuneus.nii.gz
90,Destrieux,31,L_G_rectus,673,destrieux_031_L_G_rectus.nii.gz
91,Destrieux,32,L_G_subcallosal,82,destrieux_032_L_G_subcallosal.nii.gz
92,Destrieux,33,L_G_temp_sup-G_T_transv,296,destrieux_033_L_G_temp_sup-G_T_transv.nii.gz
93,Destrieux,34,L_G_temp_sup-Lateral,1383,destrieux_034_L_G_temp_sup-Lateral.nii.gz
94,Destrieux,35,L_G_temp_sup-Plan_polar,325,destrieux_035_L_G_temp_sup-Plan_polar.nii.gz
95,Destrieux,36,L_G_temp_sup-Plan_tempo,427,destrieux_036_L_G_temp_sup-Plan_tempo.nii.gz
96,Destrieux,37,L_G_temporal_inf,1244,destrieux_037_L_G_temporal_inf.nii.gz
97,Destrieux,38,L_G_temporal_middle,1460,destrieux_038_L_G_temporal_middle.nii.gz
98,Destrieux,39,L_Lat_Fis-ant-Horizont,70,destrieux_039_L_Lat_Fis-ant-Horizont.nii.gz
99,Destrieux,40,L_Lat_Fis-ant-Vertical,111,destrieux_040_L_Lat_Fis-ant-Vertical.nii.gz
100,Destrieux,41,L_Lat_Fis-post,389,destrieux_041_L_Lat_Fis-post.nii.gz
101,Destrieux,43,L_Pole_occipital,788,destrieux_043_L_Pole_occipital.nii.gz
102,Destrieux,44,L_Pole_temporal,940,destrieux_044_L_Pole_temporal.nii.gz
103,Destrieux,45,L_S_calcarine,677,destrieux_045_L_S_calcarine.nii.gz
104,Destrieux,46,L_S_central,1070,destrieux_046_L_S_central.nii.gz
105,Destrieux,47,L_S_cingul-Marginalis,396,destrieux_047_L_S_cingul-Marginalis.nii.gz
106,Destrieux,48,L_S_circular_insula_ant,197,destrieux_048_L_S_circular_insula_ant.nii.gz
107,Destrieux,49,L_S_circular_insula_inf,652,destrieux_049_L_S_circular_insula_inf.nii.gz
108,Destrieux,50,L_S_circular_insula_sup,602,destrieux_050_L_S_circular_insula_sup.nii.gz
109,Destrieux,51,L_S_collat_transv_ant,270,destrieux_051_L_S_collat_transv_ant.nii.gz
110,Destrieux,52,L_S_collat_transv_post,69,destrieux_052_L_S_collat_transv_post.nii.gz
111,Destrieux,53,L_S_front_inf,496,destrieux_053_L_S_front_inf.nii.gz
112,Destrieux,54,L_S_front_middle,349,destrieux_054_L_S_front_middle.nii.gz
113,Destrieux,55,L_S_front_sup,711,destrieux_055_L_S_front_sup.nii.gz
114,Destrieux,56,L_S_interm_prim-Jensen,53,destrieux_056_L_S_interm_prim-Jensen.nii.gz
115,Destrieux,57,L_S_intrapariet_and_P_trans,780,destrieux_057_L_S_intrapariet_and_P_trans.nii.gz
116,Destrieux,58,L_S_oc_middle_and_Lunatus,211,destrieux_058_L_S_oc_middle_and_Lunatus.nii.gz
117,Destrieux,59,L_S_oc_sup_and_transversal,299,destrieux_059_L_S_oc_sup_and_transversal.nii.gz
118,Destrieux,60,L_S_occipital_ant,149,destrieux_060_L_S_occipital_ant.nii.gz
119,Destrieux,61,L_S_oc-temp_lat,199,destrieux_061_L_S_oc-temp_lat.nii.gz
120,Destrieux,62,L_S_oc-temp_med_and_Lingual,536,destrieux_062_L_S_oc-temp_med_and_Lingual.nii.gz
121,Destrieux,63,L_S_orbital_lateral,86,destrieux_063_L_S_orbital_lateral.nii.gz
122,Destrieux,64,L_S_orbital_med-olfact,177,destrieux_064_L_S_orbital_med-olfact.nii.gz
123,Destrieux,65,L_S_orbital-H_Shaped,333,destrieux_065_L_S_orbital-H_Shaped.nii.gz
124,Destrieux,66,L_S_parieto_occipital,532,destrieux_066_L_S_parieto_occipital.nii.gz
125,Destrieux,67,L_S_pericallosal,426,destrieux_067_L_S_pericallosal.nii.gz
126,Destrieux,68,L_S_postcentral,739,destrieux_068_L_S_postcentral.nii.gz
127,Destrieux,69,L_S_precentral-inf-part,434,destrieux_069_L_S_precentral-inf-part.nii.gz
128,Destrieux,70,L_S_precentral-sup-part,404,destrieux_070_L_S_precentral-sup-part.nii.gz
129,Destrieux,71,L_S_suborbital,245,destrieux_071_L_S_suborbital.nii.gz
130,Destrieux,72,L_S_subparietal,306,destrieux_072_L_S_subparietal.nii.gz
131,Destrieux,73,L_S_temporal_inf,238,destrieux_073_L_S_temporal_inf.nii.gz
132,Destrieux,74,L_S_temporal_sup,1339,destrieux_074_L_S_temporal_sup.nii.gz
133,Destrieux,75,L_S_temporal_transverse,108,destrieux_075_L_S_temporal_transverse.nii.gz
134,Destrieux,76,R_G_and_S_frontomargin,435,destrieux_076_R_G_and_S_frontomargin.nii.gz
135,Destrieux,77,R_G_and_S_occipital_inf,584,destrieux_077_R_G_and_S_occipital_inf.nii.gz
136,Destrieux,78,R_G_and_S_paracentral,732,destrieux_078_R_G_and_S_paracentral.nii.gz
137,Destrieux,79,R_G_and_S_subcentral,617,destrieux_079_R_G_and_S_subcentral.nii.gz
138,Destrieux,80,R_G_and_S_transv_frontopol,508,destrieux_080_R_G_and_S_transv_frontopol.nii.gz
139,Destrieux,81,R_G_and_S_cingul-Ant,976,destrieux_081_R_G_and_S_cingul-Ant.nii.gz
140,Destrieux,82,R_G_and_S_cingul-Mid-Ant,593,destrieux_082_R_G_and_S_cingul-Mid-Ant.nii.gz
141,Destrieux,83,R_G_and_S_cingul-Mid-Post,619,destrieux_083_R_G_and_S_cingul-Mid-Post.nii.gz
142,Destrieux,84,R_G_cingul-Post-dorsal,397,destrieux_084_R_G_cingul-Post-dorsal.nii.gz
143,Destrieux,85,R_G_cingul-Post-ventral,204,destrieux_085_R_G_cingul-Post-ventral.nii.gz
144,Destrieux,86,R_G_cuneus,633,destrieux_086_R_G_cuneus.nii.gz
145,Destrieux,87,R_G_front_inf-Opercular,733,destrieux_087_R_G_front_inf-Opercular.nii.gz
146,Destrieux,88,R_G_front_inf-Orbital,116,destrieux_088_R_G_front_inf-Orbital.nii.gz
147,Destrieux,89,R_G_front_inf-Triangul,436,destrieux_089_R_G_front_inf-Triangul.nii.gz
148,Destrieux,90,R_G_front_middle,1746,destrieux_090_R_G_front_middle.nii.gz
149,Destrieux,91,R_G_front_sup,3455,destrieux_091_R_G_front_sup.nii.gz
150,Destrieux,92,R_G_Ins_lg_and_S_cent_ins,291,destrieux_092_R_G_Ins_lg_and_S_cent_ins.nii.gz
151,Destrieux,93,R_G_insular_short,381,destrieux_093_R_G_insular_short.nii.gz
152,Destrieux,94,R_G_occipital_middle,866,destrieux_094_R_G_occipital_middle.nii.gz
153,Destrieux,95,R_G_occipital_sup,696,destrieux_095_R_G_occipital_sup.nii.gz
154,Destrieux,96,R_G_oc-temp_lat-fusifor,810,destrieux_096_R_G_oc-temp_lat-fusifor.nii.gz
155,Destrieux,97,R_G_oc-temp_med-Lingual,1063,destrieux_097_R_G_oc-temp_med-Lingual.nii.gz
156,Destrieux,98,R_G_oc-temp_med-Parahip,1021,destrieux_098_R_G_oc-temp_med-Parahip.nii.gz
157,Destrieux,99,R_G_orbital,1554,destrieux_099_R_G_orbital.nii.gz
158,Destrieux,100,R_G_pariet_inf-Angular,970,destrieux_100_R_G_pariet_inf-Angular.nii.gz
159,Destrieux,101,R_G_pariet_inf-Supramar,1263,destrieux_101_R_G_pariet_inf-Supramar.nii.gz
160,Destrieux,102,R_G_parietal_sup,931,destrieux_102_R_G_parietal_sup.nii.gz
161,Destrieux,103,R_G_postcentral,1073,destrieux_103_R_G_postcentral.nii.gz
162,Destrieux,104,R_G_precentral,1662,destrieux_104_R_G_precentral.nii.gz
163,Destrieux,105,R_G_precuneus,1154,destrieux_105_R_G_precuneus.nii.gz
164,Destrieux,106,R_G_rectus,490,destrieux_106_R_G_rectus.nii.gz
165,Destrieux,107,R_G_subcallosal,89,destrieux_107_R_G_subcallosal.nii.gz
166,Destrieux,108,R_G_temp_sup-G_T_transv,238,destrieux_108_R_G_temp_sup-G_T_transv.nii.gz
167,Destrieux,109,R_G_temp_sup-Lateral,1175,destrieux_109_R_G_temp_sup-Lateral.nii.gz
168,Destrieux,110,R_G_temp_sup-Plan_polar,305,destrieux_110_R_G_temp_sup-Plan_polar.nii.gz
169,Destrieux,111,R_G_temp_sup-Plan_tempo,297,destrieux_111_R_G_temp_sup-Plan_tempo.nii.gz
170,Destrieux,112,R_G_temporal_inf,1244,destrieux_112_R_G_temporal_inf.nii.gz
171,Destrieux,113,R_G_temporal_middle,1567,destrieux_113_R_G_temporal_middle.nii.gz
172,Destrieux,114,R_Lat_Fis-ant-Horizont,114,destrieux_114_R_Lat_Fis-ant-Horizont.nii.gz
173,Destrieux,115,R_Lat_Fis-ant-Vertical,66,destrieux_115_R_Lat_Fis-ant-Vertical.nii.gz
174,Destrieux,116,R_Lat_Fis-post,506,destrieux_116_R_Lat_Fis-post.nii.gz
175,Destrieux,118,R_Pole_occipital,1081,destrieux_118_R_Pole_occipital.nii.gz
176,Destrieux,119,R_Pole_temporal,1080,destrieux_119_R_Pole_temporal.nii.gz
177,Destrieux,120,R_S_calcarine,651,destrieux_120_R_S_calcarine.nii.gz
178,Destrieux,121,R_S_central,1061,destrieux_121_R_S_central.nii.gz
179,Destrieux,122,R_S_cingul-Marginalis,470,destrieux_122_R_S_cingul-Marginalis.nii.gz
180,Destrieux,123,R_S_circular_insula_ant,215,destrieux_123_R_S_circular_insula_ant.nii.gz
181,Destrieux,124,R_S_circular_insula_inf,537,destrieux_124_R_S_circular_insula_inf.nii.gz
182,Destrieux,125,R_S_circular_insula_sup,496,destrieux_125_R_S_circular_insula_sup.nii.gz
183,Destrieux,126,R_S_collat_transv_ant,242,destrieux_126_R_S_collat_transv_ant.nii.gz
184,Destrieux,127,R_S_collat_transv_post,74,destrieux_127_R_S_collat_transv_post.nii.gz
185,Destrieux,128,R_S_front_inf,470,destrieux_128_R_S_front_inf.nii.gz
186,Destrieux,129,R_S_front_middle,416,destrieux_129_R_S_front_middle.nii.gz
187,Destrieux,130,R_S_front_sup,577,destrieux_130_R_S_front_sup.nii.gz
188,Destrieux,131,R_S_interm_prim-Jensen,98,destrieux_131_R_S_interm_prim-Jensen.nii.gz
189,Destrieux,132,R_S_intrapariet_and_P_trans,671,destrieux_132_R_S_intrapariet_and_P_trans.nii.gz
190,Destrieux,133,R_S_oc_middle_and_Lunatus,207,destrieux_133_R_S_oc_middle_and_Lunatus.nii.gz
191,Destrieux,134,R_S_oc_sup_and_transversal,362,destrieux_134_R_S_oc_sup_and_transversal.nii.gz
192,Destrieux,135,R_S_occipital_ant,115,destrieux_135_R_S_occipital_ant.nii.gz
193,Destrieux,136,R_S_oc-temp_lat,157,destrieux_136_R_S_oc-temp_lat.nii.gz
194,Destrieux,137,R_S_oc-temp_med_and_Lingual,519,destrieux_137_R_S_oc-temp_med_and_Lingual.nii.gz
195,Destrieux,138,R_S_orbital_lateral,83,destrieux_138_R_S_orbital_lateral.nii.gz
196,Destrieux,139,R_S_orbital_med-olfact,189,destrieux_139_R_S_orbital_med-olfact.nii.gz
197,Destrieux,140,R_S_orbital-H_Shaped,408,destrieux_140_R_S_orbital-H_Shaped.nii.gz
198,Destrieux,141,R_S_parieto_occipital,574,destrieux_141_R_S_parieto_occipital.nii.gz
199,Destrieux,142,R_S_pericallosal,438,destrieux_142_R_S_pericallosal.nii.gz
200,Destrieux,143,R_S_postcentral,633,destrieux_143_R_S_postcentral.nii.gz
201,Destrieux,144,R_S_precentral-inf-part,439,destrieux_144_R_S_precentral-inf-part.nii.gz
202,Destrieux,145,R_S_precentral-sup-part,412,destrieux_145_R_S_precentral-sup-part.nii.gz
203,Destrieux,146,R_S_suborbital,119,destrieux_146_R_S_suborbital.nii.gz
204,Destrieux,147,R_S_subparietal,297,destrieux_147_R_S_subparietal.nii.gz
205,Destrieux,148,R_S_temporal_inf,190,destrieux_148_R_S_temporal_inf.nii.gz
206,Destrieux,149,R_S_temporal_sup,1715,destrieux_149_R_S_temporal_sup.nii.gz
207,Destrieux,150,R_S_temporal_transverse,94,destrieux_150_R_S_temporal_transverse.nii.gz
